platform,category,product_name,selling_price,original_price,discount_percentage,rating,rating_count,review_count,seller_name,seller_type,delivery_info,delivery_days,free_delivery,is_sponsored,promotional_badges,promotional_badge_count,scarcity_message,has_scarcity_message,has_coupon,coupon_text,return_policy,has_return_policy,product_url
Snapdeal,electronics,"Neo - 3D HD Magnifier Phone Mobile Holder Screen Expanders for Movies, Videos, and Gaming with Foldable Phone Stand and Screen Amplifier - Compatible with All Smartphones",280.0,999.0,72.0,4.2,74,14,,Third-party,Free Delivery,3,True,False,Great Offer,1,Limited Period Offer,True,False,,7 days return,True,https://www.snapdeal.com/product/nbox-transparent-active-3d-glasses/686764495292
Snapdeal,electronics,67W Fast Charger for MI Xiomi Redmi & other Type C Smartphones Rapid Charging with Qualcomm Quick Charge 3.0 SuperVOOC includes USB Type-C 6A Cable,326.0,1999.0,84.0,3.8,153,30,,Third-party,Free Delivery,3,True,False,Great Offer,1,Limited Period Offer,True,False,,7 days return,True,https://www.snapdeal.com/product/avista-usb-54a-wall-charger/650721089424
Snapdeal,electronics,"Hybite Premium Selfie Stick, Blue tooth Extendable Selfie Stick Tri pod with Led Light Wireless Remote and Portable Tri pod Stand Compatible for All iPhone and Android Smartphone",231.0,999.0,77.0,4.0,144,28,,Third-party,Free Delivery,3,True,False,Great Offer,1,Limited Period Offer,True,False,,7 days return,True,https://www.snapdeal.com/product/hybite-premium-selfie-stick-blue/635726749975
Snapdeal,electronics,Shop To Shop Bluetooth Selfie Flash Light ( Black ),282.0,999.0,72.0,4.1,48,9,,Third-party,Free Delivery,3,True,False,Great Offer; Flash Sale,2,Limited Period Offer,True,False,,7 days return,True,https://www.snapdeal.com/product/shop-to-shop-bluetooth-selfie/680524288266
Snapdeal,electronics,"Waterproof Mobile Pouch Cover for All Mobiles, Cellphone Dry Bag Compatible for iPhone, Samsung, Mi, Redmi, Oppo, VIVO, All Other Smartphones up to 6.5 inches",187.0,499.0,63.0,4.3,125,25,,Third-party,Free Delivery,3,True,False,,0,,False,False,,7 days return,True,https://www.snapdeal.com/product/waterproof-mobile-pouch-cover-for/674889047655
Snapdeal,electronics,"Radhe Creation Silicone Suction Cup Phone Case for All Smartphones – Strong Grip Anti-Slip Phone Holder Case – Reusable Suction Sticker Black Case for Car, Desk, Mirror & Wall (R blue- 1Pack)",119.0,299.0,60.0,5.0,147,29,,Third-party,Free Delivery,3,True,True,,0,,False,False,,7 days return,True,https://www.snapdeal.com/product/radhe-creation-silicone-suction-cup/621799848534
Snapdeal,electronics,THRIFTKART Card Holder Connectors for Smartphones and Tablets ( Black ),176.0,999.0,82.0,4.0,242,48,,Third-party,Free Delivery,3,True,False,Great Offer,1,Limited Period Offer,True,False,,7 days return,True,https://www.snapdeal.com/product/thriftkart-card-holder-connectors-for/648832160858
Snapdeal,electronics,"Universal Bike Mobile Stand Metal Body 360 Degree Rotating | Mirror Cradle Stand Full Metal Body Bike & Scooty Mobile Holder Stand for Bicycle, Motorcycle, Scooty with All Smartphones",160.0,499.0,68.0,4.2,74,14,,Third-party,Free Delivery,3,True,True,Great Offer,1,,False,False,,7 days return,True,https://www.snapdeal.com/product/universal-bike-mobile-stand-metal/626318451891
Snapdeal,electronics,"Hybite Premium Selfie Stick, Blue tooth Extendable Selfie Stick Tri pod with Led Light Wireless Remote and Portable Tri pod Stand Compatible for All iPhone and Android Smartphone",239.0,999.0,76.0,4.1,129,25,,Third-party,Free Delivery,3,True,False,Great Offer,1,Limited Period Offer,True,False,,7 days return,True,https://www.snapdeal.com/product/hybite-premium-selfie-stick-blue/638464915190
Snapdeal,electronics,Mobile Phone Stand 360° Rotation Height and Angle Adjustable Cell Phone Stand for Desk Office Foldable Desktop Phone Holder for Smartphone,163.0,899.0,82.0,3.8,213,42,,Third-party,Free Delivery,3,True,True,Great Offer,1,Limited Period Offer,True,False,,7 days return,True,https://www.snapdeal.com/product/mobile-phone-stand-360-rotation/677528065636
Snapdeal,electronics,"85W Fast Charger with 3-in-1 Charging Cable | Type-C, Micro USB & Lightning | Universal Quick Charging Adapter for Laptop, Smartphone, Tablet | Travel-Friendly Power Delivery Charger",397.0,999.0,60.0,4.1,90,18,,Third-party,Free Delivery,3,True,True,,0,,False,False,,7 days return,True,https://www.snapdeal.com/product/85w-fast-charger-with-3in1/621983231422
Snapdeal,electronics,"Hybite Premium Selfie Stick, Blue tooth Extendable Selfie Stick Tr ip od with Led Light Wireless Remote and Portable Tri pod Stand Compatible for All iPhone and Android Smartphone",239.0,999.0,76.0,4.3,168,33,,Third-party,Free Delivery,3,True,False,Great Offer,1,Limited Period Offer,True,False,,7 days return,True,https://www.snapdeal.com/product/hybite-premium-selfie-stick-blue/659137478056
Snapdeal,electronics,Bike Phone Mount Waterproof Cell Phone Holder 360 Rotation Motorcycle Smartphone Case Universal Bicycle Handlebar Sensitive Touch Screen Fit Below 4-7.2 Inches Smartphone,276.0,799.0,65.0,3.7,147,29,,Third-party,Free Delivery,3,True,False,Great Offer,1,,False,False,,7 days return,True,https://www.snapdeal.com/product/bike-phone-mount-waterproof-cell/650626329513
Snapdeal,electronics,Bike Phone Mount Waterproof Cell Phone Holder 360 Rotation Motorcycle Smartphone Case Universal Bicycle Handlebar Sensitive Touch Screen Fit Below 4-7.2 Inches Smartphone,276.0,799.0,65.0,3.5,166,33,,Third-party,Free Delivery,3,True,False,Great Offer,1,,False,False,,7 days return,True,https://www.snapdeal.com/product/bike-phone-mount-waterproof-cell/654552283598
Snapdeal,electronics,"Foldable and Portable Tabletop Mobile Stand with Stable Base,Height and View Angle Adjustable Phone Stand,Ideal Mobile Holder for Smartphones,Tablets, Kindles",193.0,599.0,68.0,4.1,92,18,,Third-party,Free Delivery,3,True,True,Great Offer,1,,False,False,,7 days return,True,https://www.snapdeal.com/product/foldable-and-portable-tabletop-mobile/638022519497
Snapdeal,electronics,THRIFTKART - 12OW 3A -V8 -Fast Charging & Data Sync Cable For ALL Smartphones USB Cable | Micro USB Data Cable | Sync Quick 120w Fast Charging Cable | Charger Cable | Android V8 Cable - White,168.0,499.0,66.0,4.2,207,41,,Third-party,Free Delivery,3,True,False,Great Offer,1,,False,False,,7 days return,True,https://www.snapdeal.com/product/thriftkart-12ow-3a-v8-fast/639014328858
Snapdeal,electronics,Pack of 4 Wall Mounted Mobile Phone Holder Storage Case For Phones with Strong Adhesive Strips | Wall Mount Mobile Stand/Multi-Purpose Stand For Smartphones Charging,169.0,599.0,72.0,3.5,212,42,,Third-party,Free Delivery,3,True,True,Great Offer,1,Limited Period Offer,True,False,,7 days return,True,https://www.snapdeal.com/product/pack-of-4-wall-mounted/650608500972
Snapdeal,electronics,"3D HD Magnifier Phone Mobile Holder Screen Expanders for Movies, Videos, and Gaming with Foldable Phone Stand and Screen Amplifier - Compatible with All Smartphones",225.0,1299.0,83.0,4.0,105,21,,Third-party,Free Delivery,3,True,False,Great Offer,1,Limited Period Offer,True,False,,7 days return,True,https://www.snapdeal.com/product/2-pack-moisture-proof-nylon/657429539359
Snapdeal,electronics,Universal Smartphone C2 Mobile Holder,174.0,599.0,71.0,4.1,72,14,,Third-party,Free Delivery,3,True,False,Great Offer,1,Limited Period Offer,True,False,,7 days return,True,https://www.snapdeal.com/product/universal-smartphone-c2-mobile-holder/634947128098
Snapdeal,electronics,"U7 USB Type-C Charging Cable, Fast Charge & Data Sync, 65W-100W 5A Type-C Cable for Smartphones and Devices of All Type",262.0,999.0,74.0,4.2,107,21,,Third-party,Free Delivery,3,True,False,Great Offer,1,Limited Period Offer,True,False,,7 days return,True,https://www.snapdeal.com/product/u7-usb-typec-charging-cable/663965819187
Snapdeal,electronics,"Type-C to Type-C USB Cable for all Smartphones  | Data Cable (3.4A, 1M,, White)",187.0,499.0,63.0,4.1,176,35,,Third-party,Free Delivery,3,True,False,,0,,False,False,,7 days return,True,https://www.snapdeal.com/product/typec-to-typec-usb-cable/628639408844
Snapdeal,electronics,"3D HD Magnifier Phone Mobile Holder Screen Expanders for Movies, Videos, and Gaming with Foldable Phone Stand and Screen Amplifier - Compatible with All Smartphones",225.0,1299.0,83.0,4.0,97,19,,Third-party,Free Delivery,3,True,False,Great Offer,1,Limited Period Offer,True,False,,7 days return,True,https://www.snapdeal.com/product/2-pack-moisture-proof-nylon/657429539359
Snapdeal,electronics,Universal Metal  Bike Mobile Phone Holder with USB Charger for Bike Scooty Bicycle Suitable for All Smartphones,221.0,699.0,68.0,4.1,89,17,,Third-party,Free Delivery,3,True,False,Great Offer,1,,False,False,,7 days return,True,https://www.snapdeal.com/product/universal-metal-bike-mobile-phone/678546486679
Snapdeal,electronics,Universal Smartphone C2 Mobile Holder,174.0,599.0,71.0,4.1,62,12,,Third-party,Free Delivery,3,True,False,Great Offer,1,Limited Period Offer,True,False,,7 days return,True,https://www.snapdeal.com/product/universal-smartphone-c2-mobile-holder/634947128098
Snapdeal,electronics,"U7 USB Type-C 65W-100W 5A Charging Cable, Fast Charge & Data Sync, Type-C Cable for Smartphones and Devices of All Type",272.0,999.0,73.0,4.2,190,38,,Third-party,Free Delivery,3,True,False,Great Offer,1,Limited Period Offer,True,False,,7 days return,True,https://www.snapdeal.com/product/u7-usb-typec-65w100w-5a/656794510897
Snapdeal,electronics,"85W Fast Charger with 3-in-1 Charging Cable | Type-C, Micro USB & Lightning | Universal Quick Charging Adapter for Laptop, Smartphone, Tablet | Travel-Friendly Power Delivery Charger",397.0,999.0,60.0,4.1,32,6,,Third-party,Free Delivery,3,True,True,,0,,False,False,,7 days return,True,https://www.snapdeal.com/product/85w-fast-charger-with-3in1/624513511351
Snapdeal,electronics,"THRIFTKART - 3 in 1 Fast Charging Cable,Portable 120W Charger Cord/Wire Compatible with iOS,Type-C,Micro Phones,Car/Travel 6A Retractable Zinc Alloy Charging Data Cable,Light Emitting Diode (Multicolor)",168.0,999.0,83.0,3.8,236,47,,Third-party,Free Delivery,3,True,False,Great Offer,1,Limited Period Offer,True,False,,7 days return,True,https://www.snapdeal.com/product/thriftkart-3-in-1-fast/662169505637
Snapdeal,electronics,"Hybite Premium Selfie Stick, Blue tooth Extendable Selfie Stick Tri pod with Led Light Wireless Remote and Portable Tri pod Stand Compatible for All iPhone and Android Smartphone",231.0,999.0,77.0,4.0,37,7,,Third-party,Free Delivery,3,True,False,Great Offer,1,Limited Period Offer,True,False,,7 days return,True,https://www.snapdeal.com/product/hybite-premium-selfie-stick-blue/635726749975
Snapdeal,electronics,Imported 6 A Charging + Data Transfer Type C - Lightning Cable 1 Meter for iPhone  8 to 14 all variants,188.0,999.0,81.0,4.0,217,43,,Third-party,Free Delivery,3,True,False,Great Offer,1,Limited Period Offer,True,False,,7 days return,True,https://www.snapdeal.com/product/avista-white-5-a-lightning/623881339260
Snapdeal,electronics,Shop To Shop Bluetooth Selfie Flash Light ( Black ),268.0,999.0,73.0,3.9,155,31,,Third-party,Free Delivery,3,True,False,Great Offer; Flash Sale,2,Limited Period Offer,True,False,,7 days return,True,https://www.snapdeal.com/product/shop-to-shop-bluetooth-selfie/669674227803
Snapdeal,electronics,"Hybite Premium Selfie Stick, Blue tooth Extendable Selfie Stick Tri pod with Led Light Wireless Remote and Portable Tri pod Stand Compatible for All iPhone and Android Smartphone",239.0,999.0,76.0,4.1,102,20,,Third-party,Free Delivery,3,True,False,Great Offer,1,Limited Period Offer,True,False,,7 days return,True,https://www.snapdeal.com/product/hybite-premium-selfie-stick-blue/638464915190
Snapdeal,electronics,thriftkart - Multi-Purpose Mobile Charging Stand For Wall Multi Plug For Upto 7 Inch Mobile Stand For Wall Plastic Holder Universal Socket Mobile Charger Stand Holder Wall (assorted color) Wall Mount,166.0,599.0,72.0,3.9,95,19,,Third-party,Free Delivery,3,True,False,Great Offer,1,Limited Period Offer,True,False,,7 days return,True,https://www.snapdeal.com/product/thriftkart-multipurpose-mobile-charging-stand/620473422486
Snapdeal,electronics,Shop To Shop Bluetooth Selfie Flash Light ( Black ),282.0,999.0,72.0,4.1,223,44,,Third-party,Free Delivery,3,True,False,Great Offer; Flash Sale,2,Limited Period Offer,True,False,,7 days return,True,https://www.snapdeal.com/product/shop-to-shop-bluetooth-selfie/680524288266
Snapdeal,electronics,"U7 44W Flash Charger, 4A Wall Charger, Support FLASH 2.0, with 120W Flash Charge Detachable Type A to C White Cable (Compatible for VI-VO and IQOO Phones)",419.0,1999.0,79.0,4.4,218,43,,Third-party,Free Delivery,3,True,False,Great Offer; Flash Sale,2,Limited Period Offer,True,False,,7 days return,True,https://www.snapdeal.com/product/u7-44w-flash-charger-4a/633675201279
Snapdeal,electronics,HUG PUPPY Bluetooth Selfie Flash Light ( Black ),263.0,999.0,74.0,4.1,211,42,,Third-party,Free Delivery,3,True,False,Great Offer; Flash Sale,2,Limited Period Offer,True,False,,7 days return,True,https://www.snapdeal.com/product/hug-puppy-bluetooth-selfie-flash/632555714587
Snapdeal,electronics,"85W Fast Charger for Laptop, Tablet & Phone | Super-Fast Type-C Power Adapter | Universal High-Speed Charging with Smart Protection | Compact & Portable Wall Charger for Travel & Office""",395.0,999.0,60.0,4.0,145,29,,Third-party,Free Delivery,3,True,True,,0,,False,False,,7 days return,True,https://www.snapdeal.com/product/85w-fast-charger-for-laptop/625577826741
Snapdeal,electronics,ZmiZc Aux Wire Selfie Stick ( Black ),231.0,999.0,77.0,3.7,153,30,,Third-party,Free Delivery,3,True,False,Great Offer,1,Limited Period Offer,True,False,,7 days return,True,https://www.snapdeal.com/product/zmizc-aux-wire-selfie-stick/641600852504
Snapdeal,electronics,"Mobile Phone Charging Stand, Multi-Functional Storage Holder, Bedside Fixed Rack, Bedroom, Office Accessories",135.0,699.0,81.0,4.4,195,39,,Third-party,Free Delivery,3,True,False,Great Offer,1,Limited Period Offer,True,False,,7 days return,True,https://www.snapdeal.com/product/mobile-phone-charging-stand-multifunctional/671299383574
Snapdeal,electronics,THRIFTKART None Mobile Stand for Smartphones and Tablets Assorted( MULTI COLOR ),216.0,999.0,78.0,4.0,196,39,,Third-party,Free Delivery,3,True,False,Great Offer,1,Limited Period Offer,True,False,,7 days return,True,https://www.snapdeal.com/product/thriftkart-none-mobile-stand-for/634233776114
Snapdeal,electronics,Mobile Phone Stand 360° Rotation Height and Angle Adjustable Cell Phone Stand for Desk Office Foldable Desktop Phone Holder for Smartphone,163.0,899.0,82.0,3.8,39,7,,Third-party,Free Delivery,3,True,True,Great Offer,1,Limited Period Offer,True,False,,7 days return,True,https://www.snapdeal.com/product/mobile-phone-stand-360-rotation/677528065636
Snapdeal,electronics,Hybite Mobile Phone Stand 360° Rotation Height and Angle Adjustable Cell Phone Stand for Desk Office Foldable Desktop Phone Holder for Smartphone,186.0,999.0,81.0,4.1,60,12,,Third-party,Free Delivery,3,True,True,Great Offer,1,Limited Period Offer,True,False,,7 days return,True,https://www.snapdeal.com/product/mobile-phone-stand-360-rotation/622500114744
Snapdeal,electronics,THRIFTKART - Braided USB to Lightning Fast Charging and Data Sync Cable Compatible for iPhone,168.0,499.0,66.0,4.1,150,30,,Third-party,Free Delivery,3,True,False,Great Offer,1,,False,False,,7 days return,True,https://www.snapdeal.com/product/thriftkart-braided-usb-to-lightning/668240158746
Snapdeal,electronics,"U7 USB Type-C to Type-C Charging Cable, Fast Charge & Data Sync, Fast Charging Cable for Sam-sung & I-phone Devices, Android & Others",253.0,1398.0,82.0,4.6,164,32,,Third-party,Free Delivery,3,True,False,Great Offer,1,Limited Period Offer,True,False,,7 days return,True,https://www.snapdeal.com/product/u7-usb-typec-to-typec/643509952276
Snapdeal,electronics,"Multi-Connector Charger Cable – 3-in-1 USB-C, Lightning, Micro USB – Ideal for Phones, Tablets & More",180.0,999.0,82.0,3.9,104,20,,Third-party,Free Delivery,3,True,False,Great Offer,1,Limited Period Offer,True,False,,7 days return,True,https://www.snapdeal.com/product/multiconnector-charger-cable-3in1-usbc/679620706289
Snapdeal,electronics,Five-O Tempered Glass Compatible For iPhone 13 Pro ( Pack of 1 ),202.0,799.0,75.0,4.0,113,22,,Third-party,Free Delivery,3,True,False,Great Offer,1,Limited Period Offer,True,False,,7 days return,True,https://www.snapdeal.com/product/fiveo-tempered-glass-compatible-for/631218795780
Snapdeal,electronics,Multi Printed Cover Compatible For APPLE iPhone 11 Pro ( Pack of 1 ),176.0,999.0,82.0,4.0,118,23,,Third-party,Free Delivery,3,True,False,Great Offer,1,Limited Period Offer,True,False,,7 days return,True,https://www.snapdeal.com/product/nbox-multi-printed-cover-compatible/629822018681
Snapdeal,electronics,HUG PUPPY Bluetooth Selfie Flash Light ( Black ),267.0,999.0,73.0,4.0,136,27,,Third-party,Free Delivery,3,True,False,Great Offer; Flash Sale,2,Limited Period Offer,True,False,,7 days return,True,https://www.snapdeal.com/product/hug-puppy-bluetooth-selfie-flash/666244518927
Snapdeal,electronics,Multi Printed Cover Compatible For APPLE iPhone 11 Pro ( Pack of 1 ),176.0,999.0,82.0,4.0,228,45,,Third-party,Free Delivery,3,True,False,Great Offer,1,Limited Period Offer,True,False,,7 days return,True,https://www.snapdeal.com/product/nbox-multi-printed-cover-compatible/675829713326
Snapdeal,electronics,BIG WINGS Shock Proof Case Compatible For Polycarbonate Apple iPhone 15 Pro Max ( Pack of 1 ),187.0,1499.0,88.0,3.7,77,15,,Third-party,Free Delivery,3,True,False,Great Offer,1,Limited Period Offer,True,False,,7 days return,True,https://www.snapdeal.com/product/big-wings-shock-proof-case/6917529676614973605
Snapdeal,electronics,THRIFTKART None Mobile Stand for Smartphones and Tablets Assorted( MULTI COLOR ),216.0,999.0,78.0,4.0,156,31,,Third-party,Free Delivery,3,True,False,Great Offer,1,Limited Period Offer,True,False,,7 days return,True,https://www.snapdeal.com/product/thriftkart-none-mobile-stand-for/634233776114
Snapdeal,electronics,Five-O Tempered Glass Compatible For iPhone 13 Pro ( Pack of 1 ),202.0,799.0,75.0,4.0,35,7,,Third-party,Free Delivery,3,True,False,Great Offer,1,Limited Period Offer,True,False,,7 days return,True,https://www.snapdeal.com/product/fiveo-tempered-glass-compatible-for/631218795780
Snapdeal,electronics,Mobile Phone Stand 360° Rotation Height and Angle Adjustable Cell Phone Stand for Desk Office Foldable Desktop Phone Holder for Smartphone,163.0,899.0,82.0,3.8,65,13,,Third-party,Free Delivery,3,True,True,Great Offer,1,Limited Period Offer,True,False,,7 days return,True,https://www.snapdeal.com/product/mobile-phone-stand-360-rotation/677528065636
Snapdeal,fashion,PENNEN Black Men's Lifestyle Shoes,460.0,999.0,54.0,3.8,229,45,,Third-party,Free Delivery,3,True,False,,0,,False,False,,7 days return,True,https://www.snapdeal.com/product/pennen-black-mens-lifestyle-shoes/645427402469
Snapdeal,fashion,Bersache Men Casual Shoes Blue Men's Outdoor Shoes,1024.0,4999.0,80.0,4.3,71,14,,Third-party,Free Delivery,3,True,False,Great Offer,1,Limited Period Offer,True,False,,7 days return,True,https://www.snapdeal.com/product/bersache-men-casual-shoes-blue/622139407913
Snapdeal,fashion,hotstyle FIRST White Men's Lifestyle Shoes,331.0,999.0,67.0,3.9,121,24,,Third-party,Free Delivery,3,True,False,Great Offer,1,,False,False,,7 days return,True,https://www.snapdeal.com/product/hotstyle-first-white-mens-lifestyle/625047442571
Snapdeal,fashion,Xtoon Grey Men's Outdoor Shoes,498.0,1499.0,67.0,3.8,120,24,,Third-party,Free Delivery,3,True,False,Great Offer,1,,False,False,,7 days return,True,https://www.snapdeal.com/product/xtoon-grey-mens-outdoor-shoes/5764608187091286668
Snapdeal,fashion,Bersache Bersache Men Casual Shoes Green Men's Lifestyle Shoes,1024.0,4999.0,80.0,4.2,46,9,,Third-party,Free Delivery,3,True,False,Great Offer,1,Limited Period Offer,True,False,,7 days return,True,https://www.snapdeal.com/product/bersache-bersache-men-casual-shoes/6917529668868601628
Snapdeal,fashion,Aadi Casual Shoes Grey Men's Outdoor Shoes,426.0,1999.0,79.0,4.0,153,30,,Third-party,Free Delivery,3,True,True,Great Offer,1,Limited Period Offer,True,False,,7 days return,True,https://www.snapdeal.com/product/aadi-casual-shoes-grey-mens/626394411769
Snapdeal,fashion,ATOM Alpha Predator Black Men's Lifestyle Shoes,1445.0,3495.0,59.0,4.3,135,27,,Third-party,Free Delivery,3,True,False,,0,,False,False,,7 days return,True,https://www.snapdeal.com/product/atom-black-mens-trekking-shoes/5764608203729291679
Snapdeal,fashion,ADITOES Playboot Black Men's High Tops Shoes,460.0,1099.0,58.0,3.7,35,7,,Third-party,Free Delivery,3,True,True,,0,,False,False,,7 days return,True,https://www.snapdeal.com/product/aditoes-playboot-black-mens-high/682925977240
Snapdeal,fashion,Bersache Men Casual Shoes Light Grey Men's Outdoor,1024.0,4999.0,80.0,3.5,75,15,,Third-party,Free Delivery,3,True,False,Great Offer,1,Limited Period Offer,True,False,,7 days return,True,https://www.snapdeal.com/product/bersache-men-casual-shoes-light/635099941976
Snapdeal,fashion,Xtoon White Men's Outdoor Shoes,499.0,1499.0,67.0,3.5,77,15,,Third-party,Free Delivery,3,True,False,Great Offer,1,,False,False,,7 days return,True,https://www.snapdeal.com/product/xtoon-white-mens-outdoor-shoes/628530396704
Snapdeal,fashion,K-FOOTLANCE White Men's Outdoor Shoes,788.0,1999.0,61.0,4.0,128,25,,Third-party,Free Delivery,3,True,False,,0,,False,False,,7 days return,True,https://www.snapdeal.com/product/kfootlance-white-mens-outdoor-shoes/643722643465
Snapdeal,fashion,Bersache Men Casual Shoes White Men's Lifestyle,1024.0,4999.0,80.0,4.2,248,49,,Third-party,Free Delivery,3,True,False,Great Offer,1,Limited Period Offer,True,False,,7 days return,True,https://www.snapdeal.com/product/bersache-men-casual-shoes-white/660908507594
Snapdeal,fashion,AADWIN White Men's Korean Shoes,506.0,1999.0,75.0,3.9,134,26,,Third-party,Free Delivery,3,True,True,Great Offer,1,Limited Period Offer,True,False,,7 days return,True,https://www.snapdeal.com/product/aadwin-white-mens-lifestyle-shoes/663932967948
Snapdeal,fashion,Campus FLYNN Navy Men's Slip-on Shoes,1114.0,2199.0,49.0,4.3,150,30,,Third-party,Free Delivery,3,True,False,,0,,False,False,,7 days return,True,https://www.snapdeal.com/product/campus-flynn-white-mens-slipon/6917529664879451751
Snapdeal,fashion,Xtoon White Men's Lifestyle Shoes,498.0,1499.0,67.0,3.7,240,48,,Third-party,Free Delivery,3,True,False,Great Offer,1,,False,False,,7 days return,True,https://www.snapdeal.com/product/xtoon-white-mens-lifestyle-shoes/641169223879
Snapdeal,fashion,Bersache Men Casual Shoes Light Grey Men's Outdoor Shoes,1024.0,4999.0,80.0,4.1,150,30,,Third-party,Free Delivery,3,True,False,Great Offer,1,Limited Period Offer,True,False,,7 days return,True,https://www.snapdeal.com/product/bersache-men-casual-shoes-light/680125285372
Snapdeal,fashion,Rising Wolf Lightweight Black Men's Sports Running Shoes,599.0,2999.0,80.0,3.9,156,31,,Third-party,Free Delivery,3,True,False,Great Offer,1,Limited Period Offer,True,False,,7 days return,True,https://www.snapdeal.com/product/rising-wolf-synthetic-leather-lace/6917529676707676308
Snapdeal,fashion,Campus CAMP ZYLON Black Men's Lifestyle Shoes,1046.0,2299.0,55.0,4.2,204,40,,Third-party,Free Delivery,3,True,False,,0,,False,False,,7 days return,True,https://www.snapdeal.com/product/campus-camp-zylon-black-mens/4899917042475632445
Snapdeal,fashion,GOLDSTAR Outdoor Black Casual Shoes,468.0,999.0,53.0,4.1,174,34,,Third-party,Free Delivery,3,True,False,,0,,False,False,,7 days return,True,https://www.snapdeal.com/product/goldstar-outdoor-black-casual-shoes/642738280545
Snapdeal,fashion,REV EWSY Mens Latest Shoes Running White 1 Men's Lifestyle Shoes,425.0,1499.0,72.0,4.0,48,9,,Third-party,Free Delivery,3,True,False,Great Offer,1,Limited Period Offer,True,False,,7 days return,True,https://www.snapdeal.com/product/rev-ewsy-mens-latest-shoes/674362333900
Snapdeal,fashion,Xtoon White Men's Outdoor Shoes,499.0,1499.0,67.0,3.5,39,7,,Third-party,Free Delivery,3,True,False,Great Offer,1,,False,False,,7 days return,True,https://www.snapdeal.com/product/xtoon-white-mens-outdoor-shoes/628530396704
Snapdeal,fashion,Liberty SURKSHA1SJ Black Men's Outdoor Shoes,1279.0,1599.0,20.0,5.0,103,20,,Third-party,Free Delivery,3,True,False,,0,,False,False,,7 days return,True,https://www.snapdeal.com/product/liberty-surksha1sj-black-mens-outdoor/683038138236
Snapdeal,fashion,hotstyle FIRST White Men's Lifestyle Shoes,331.0,999.0,67.0,3.9,147,29,,Third-party,Free Delivery,3,True,False,Great Offer,1,,False,False,,7 days return,True,https://www.snapdeal.com/product/hotstyle-first-white-mens-lifestyle/625047442571
Snapdeal,fashion,Xtoon White Men's Outdoor Shoes,448.0,1499.0,70.0,3.9,184,36,,Third-party,Free Delivery,3,True,False,Great Offer,1,Limited Period Offer,True,False,,7 days return,True,https://www.snapdeal.com/product/xtoon-white-mens-outdoor-shoes/624719472360
Snapdeal,fashion,Hirolas Blue Men's Outdoor Shoes,1293.0,3499.0,63.0,4.0,177,35,,Third-party,Free Delivery,3,True,False,,0,,False,False,,7 days return,True,https://www.snapdeal.com/product/hirolas-blue-mens-outdoor-shoes/6917529664491377542
Snapdeal,fashion,CLD White Men's Outdoor Shoes,834.0,2499.0,67.0,4.2,119,23,,Third-party,Free Delivery,3,True,False,Great Offer,1,,False,False,,7 days return,True,https://www.snapdeal.com/product/cld-white-mens-outdoor-shoes/660530220767
Snapdeal,fashion,SNEAKER Stylish Black Men's,546.0,1499.0,64.0,5.0,93,18,,Third-party,Free Delivery,3,True,False,,0,,False,False,,7 days return,True,https://www.snapdeal.com/product/sneaker-stylish-black-mens-sneakers/628052199178
Snapdeal,fashion,Neemans The Everyday Basic Sneakers White Men's Slip-on Shoes,1099.0,3299.0,67.0,4.2,227,45,,Third-party,Free Delivery,3,True,False,Great Offer,1,,False,False,,7 days return,True,https://www.snapdeal.com/product/neemans-the-everyday-basic-sneakers/633309557594
Snapdeal,fashion,Bersache Men casual sneaker shoe White Men's Outdoor Shoes,1024.0,4999.0,80.0,4.5,127,25,,Third-party,Free Delivery,3,True,False,Great Offer,1,Limited Period Offer,True,False,,7 days return,True,https://www.snapdeal.com/product/bersache-men-casual-sneaker-shoe/5764608180084778634
Snapdeal,fashion,Xtoon Chunky Stylish Embossed Design Lifestyle Sneakers White Men's,489.0,1499.0,67.0,4.0,55,11,,Third-party,Free Delivery,3,True,False,Great Offer,1,,False,False,,7 days return,True,https://www.snapdeal.com/product/xtoon-chunky-stylish-embossed-design/6917529669612739043
Snapdeal,fashion,Neemans The Everyday Basic Sneakers Black Men's Slip-on Shoes,1099.0,3299.0,67.0,4.4,193,38,,Third-party,Free Delivery,3,True,False,Great Offer,1,,False,False,,7 days return,True,https://www.snapdeal.com/product/neemans-the-everyday-basic-sneakers/686862507694
Snapdeal,fashion,Campus SHUTTLE Black Men's Slip-on Shoes,622.0,1099.0,43.0,4.3,205,41,,Third-party,Free Delivery,3,True,False,,0,,False,False,,7 days return,True,https://www.snapdeal.com/product/campus-shuttle-black-mens-slipon/7205760026735476081
Snapdeal,fashion,Bersache Men casual sneaker shoe Blue Men's Outdoor Shoes,1024.0,4999.0,80.0,4.5,223,44,,Third-party,Free Delivery,3,True,False,Great Offer,1,Limited Period Offer,True,False,,7 days return,True,https://www.snapdeal.com/product/bersache-men-casual-sneaker-shoe/6917529684691625610
Snapdeal,fashion,VEXIMO Men Stylish Chunky Sneakers Black Men's Lifestyle Shoes,500.0,2499.0,80.0,4.3,151,30,,Third-party,Free Delivery,3,True,False,Great Offer,1,Limited Period Offer,True,False,,7 days return,True,https://www.snapdeal.com/product/veximo-men-stylish-chunky-sneakers/620680306319
Snapdeal,fashion,Neemans The Everyday Basic Sneakers Blue Men's Slip-on Shoes,1099.0,3299.0,67.0,4.2,75,15,,Third-party,Free Delivery,3,True,False,Great Offer,1,,False,False,,7 days return,True,https://www.snapdeal.com/product/neemans-the-everyday-basic-sneakers/652178902402
Snapdeal,fashion,UniStar Sneakers Black Casual Shoes,550.0,849.0,35.0,4.1,45,9,,Third-party,Free Delivery,3,True,False,,0,,False,False,,7 days return,True,https://www.snapdeal.com/product/unistar-sneakers-black-casual-shoes/665434476582
Snapdeal,fashion,Xtoon Men's Stylish Embossed Pattern Casual Sneakers White Men's,499.0,1999.0,75.0,4.4,59,11,,Third-party,Free Delivery,3,True,False,Great Offer,1,Limited Period Offer,True,False,,7 days return,True,https://www.snapdeal.com/product/xtoon-mens-stylish-embossed-pattern/8070451180786371567
Snapdeal,fashion,Bersache Casual Sneaker shoe for Men White Men's Outdoor Shoes,1024.0,4999.0,80.0,4.3,161,32,,Third-party,Free Delivery,3,True,False,Great Offer,1,Limited Period Offer,True,False,,7 days return,True,https://www.snapdeal.com/product/bersache-casual-sneaker-shoe-for/5764608201900503062
Snapdeal,fashion,"Rolus latest,Stylish & lightweight - Red Men's Sneakers",609.0,1999.0,70.0,4.0,122,24,,Third-party,Free Delivery,3,True,False,Great Offer,1,Limited Period Offer,True,False,,7 days return,True,https://www.snapdeal.com/product/rolus-1-pair-sports-shoes/8070451215781104720
Snapdeal,fashion,Neemans The Everyday Basic Sneakers Beige Men's Slip-on Shoes,1099.0,3299.0,67.0,4.3,217,43,,Third-party,Free Delivery,3,True,False,Great Offer,1,,False,False,,7 days return,True,https://www.snapdeal.com/product/neemans-the-everyday-basic-sneakers/664346965541
Snapdeal,fashion,Xtoon Comfortable trendy Sneaker Black Men's Outdoor Shoes,499.0,1499.0,67.0,3.8,196,39,,Third-party,Free Delivery,3,True,False,Great Offer,1,,False,False,,7 days return,True,https://www.snapdeal.com/product/xtoon-grey-mens-outdoor-shoes/6917529691698133644
Snapdeal,fashion,BXXY Casual Buckle Slip-On Sneaker White Men's Lifestyle Shoes,1282.0,4999.0,74.0,4.0,194,38,,Third-party,Free Delivery,3,True,False,Great Offer,1,Limited Period Offer,True,False,,7 days return,True,https://www.snapdeal.com/product/bxxy-casual-buckle-slipon-sneaker/6917529646933494658
Snapdeal,fashion,Figor Stylish/Comfortable - Multi Color Men's Sneakers,479.0,1499.0,68.0,4.2,125,25,,Third-party,Free Delivery,3,True,False,Great Offer,1,,False,False,,7 days return,True,https://www.snapdeal.com/product/figor-stylishcomfortable-multi-color-mens/672520082330
Snapdeal,fashion,Neemans The Everyday Basic Sneakers Grey Men's Slip-on Shoes,1099.0,3299.0,67.0,4.4,190,38,,Third-party,Free Delivery,3,True,False,Great Offer,1,,False,False,,7 days return,True,https://www.snapdeal.com/product/neemans-the-everyday-basic-sneakers/672825318362
Snapdeal,fashion,pocyshoes White casual trendy lightweight sneaker men White Men's,500.0,1600.0,69.0,4.0,185,37,,Third-party,Free Delivery,3,True,False,Great Offer,1,,False,False,,7 days return,True,https://www.snapdeal.com/product/pocyshoes-white-casual-trendy-lightweight/650411791404
Snapdeal,fashion,Neemans Beige Men's,1099.0,2999.0,63.0,3.7,212,42,,Third-party,Free Delivery,3,True,False,,0,,False,False,,7 days return,True,https://www.snapdeal.com/product/neemans-sneakers-beige-casual-shoes/637874373339
Snapdeal,fashion,Aadi Sneakers Gray Casual Shoes,403.0,999.0,60.0,4.3,40,8,,Third-party,Free Delivery,3,True,True,,0,,False,False,,7 days return,True,https://www.snapdeal.com/product/aadi-sneakers-gray-casual-shoes/632312737149
Snapdeal,fashion,Neemans The Everyday Basic Sneakers Grey Men's Slip-on Shoes,1099.0,3299.0,67.0,4.4,45,9,,Third-party,Free Delivery,3,True,False,Great Offer,1,,False,False,,7 days return,True,https://www.snapdeal.com/product/neemans-the-everyday-basic-sneakers/672825318362
Snapdeal,fashion,Figor Stylish/Comfortable - Multi Color Men's Sneakers,479.0,1499.0,68.0,4.2,68,13,,Third-party,Free Delivery,3,True,False,Great Offer,1,,False,False,,7 days return,True,https://www.snapdeal.com/product/figor-stylishcomfortable-multi-color-mens/672520082330
Snapdeal,fashion,Bersache Casual Sneaker shoe for Men Navy Men's Outdoor Shoes,1024.0,4999.0,80.0,4.3,103,20,,Third-party,Free Delivery,3,True,False,Great Offer,1,Limited Period Offer,True,False,,7 days return,True,https://www.snapdeal.com/product/bersache-casual-sneaker-shoe-for/6917529706507350038
Snapdeal,fashion,Xtoon Comfortable trendy Sneaker Red Men's Outdoor Shoes,499.0,1499.0,67.0,3.8,174,34,,Third-party,Free Delivery,3,True,False,Great Offer,1,,False,False,,7 days return,True,https://www.snapdeal.com/product/xtoon-grey-mens-outdoor-shoes/8070451196304980620
Snapdeal,fashion,Liberty - Black Men's Sneakers,2499.0,2499.0,0.0,5.0,214,42,,Third-party,Free Delivery,3,True,False,,0,,False,False,,7 days return,True,https://www.snapdeal.com/product/liberty-blue-mens-sneakers/5188147434956372512
Snapdeal,audio,M19 Bluetooth 5.1 Earbuds in-Ear TWS Stereo Headphones with Smart LED,313.0,800.0,61.0,4.1,177,35,,Third-party,Free Delivery,3,True,True,,0,,False,False,,7 days return,True,https://www.snapdeal.com/product/m19-bluetooth-51-earbuds-inear/651368261598
Snapdeal,audio,"U7 Tws Headphone, 30 hours of Playback and Deep Bass, Gaming, Fast Charging & Low Latency IPX7 (Water Resistant)",370.0,1999.0,81.0,4.2,87,17,,Third-party,Free Delivery,3,True,True,Great Offer,1,Limited Period Offer,True,False,,7 days return,True,https://www.snapdeal.com/product/u7-tws-headphone-30-hours/630741700407
Snapdeal,audio,"Wireless Earbuds Pro, Bluetooth Earphones, In-Ear Headphones; TWS Earbuds; Long Battery Life (BLACK)",459.0,3999.0,89.0,4.0,40,8,,Third-party,Free Delivery,3,True,True,Great Offer,1,Limited Period Offer,True,False,,7 days return,True,https://www.snapdeal.com/product/wireless-earbuds-pro-bluetooth-earphones/661706299492
Snapdeal,audio,"VEHOP S300 OWS Open Ear Wireless Earbuds with Display, ENC Mic for Crystal-Clear Calls, 60hr Playtime with Type-C Fast Charging, BT5.4 Gaming Bluetooth Earphones, Touch Control Sports Headphone.",624.0,2999.0,79.0,3.7,174,34,,Third-party,Free Delivery,3,True,True,Great Offer,1,Limited Period Offer,True,False,,7 days return,True,https://www.snapdeal.com/product/vehop-s300-ows-open-ear/625484229302
Snapdeal,audio,MECROLINK ANC10 Buds pods Earbuds 12 Hours Playtime Bluetooth Wireless Headphones Earphone Bluetooth Headset,379.0,3600.0,89.0,3.8,233,46,,Third-party,Free Delivery,3,True,True,Great Offer,1,Limited Period Offer,True,False,,7 days return,True,https://www.snapdeal.com/product/mecrolink-anc10-buds-pods-earbuds/661785349048
Snapdeal,audio,XYBEL Ultrapod In Ear Bluetooth Earbuds|TWS-Bluetooth Headphone|30 Hr PlayTime -Green,390.0,1999.0,80.0,4.1,222,44,,Third-party,Free Delivery,3,True,True,Great Offer,1,Limited Period Offer,True,False,,7 days return,True,https://www.snapdeal.com/product/xybel-in-ear-tws-green/682827488918
Snapdeal,audio,M19 Wireless Earbuds Headset Earbuds TWS Earphone Touch Control Mirror Digital Display Bluetooth 5.1 Headphones with Microphone (black),370.0,1699.0,78.0,4.1,86,17,,Third-party,Free Delivery,3,True,True,Great Offer,1,Limited Period Offer,True,False,,7 days return,True,https://www.snapdeal.com/product/m19-wireless-earbuds-headset-earbuds/624314575439
Snapdeal,audio,"U7 True Wireless Bluetooth Headphone, Upto 30Hr Playtime Fast Charging, Dual Pairing & Gaming (Sweat Proof)",350.0,1999.0,82.0,3.9,92,18,,Third-party,Free Delivery,3,True,True,Great Offer,1,Limited Period Offer,True,False,,7 days return,True,https://www.snapdeal.com/product/u7-true-wireless-bluetooth-headphone/667193145557
Snapdeal,audio,"Tws Ultrapods display bluetooth, Earbuds Pro + 3 in 1 data fast cable ,  Bluetooth Headphone + 3  in 1 charging cable",389.0,2999.0,87.0,4.0,195,39,,Third-party,Free Delivery,3,True,True,Great Offer,1,Limited Period Offer,True,False,,7 days return,True,https://www.snapdeal.com/product/tws-ultrapods-display-bluetooth-earbuds/671461908139
Snapdeal,audio,"A10 PRO WHITE Bluetooth Headphones with 15 Hours Playtime with 10mm Drivers, Rich Music Experience, BT 5.3v, Type C Fast Charging,  EarBUDS & IPX4 Water Resistant",467.0,4999.0,91.0,3.7,179,35,,Third-party,Free Delivery,3,True,True,Great Offer,1,Limited Period Offer,True,False,,7 days return,True,https://www.snapdeal.com/product/a10-pro-white-bluetooth-headphones/685058863642
Snapdeal,audio,"VEHOP S300 OWS Open Ear Wireless Earbuds with Display, ENC Mic for Crystal-Clear Calls, 60hr Playtime with Type-C Fast Charging, BT5.4 Gaming Bluetooth Earphones, Touch Control Sports Headphone.",624.0,2999.0,79.0,4.0,137,27,,Third-party,Free Delivery,3,True,True,Great Offer,1,Limited Period Offer,True,False,,7 days return,True,https://www.snapdeal.com/product/vehop-s300-ows-open-ear/633661171390
Snapdeal,audio,M10 Earbuds TWS 5.1 Large Screen Dual LED Digital Display Touch Bluetooth Headphones Mini Compact Portable Sports Waterproof in Ear Earphones,379.0,2999.0,87.0,5.0,126,25,,Third-party,Free Delivery,3,True,True,Great Offer,1,Limited Period Offer,True,False,,7 days return,True,https://www.snapdeal.com/product/m10-earbuds-tws-51-large/648512315673
Snapdeal,audio,MECROLINK Wireless Earbuds Bluetooth 5.3 TWS Earphones Full Touch Control Headphones Built-in Microphone Immersive Sound Quality Ensure Fast Stable & Connection Smart Headset Sports Bud (WHITE),379.0,3600.0,89.0,3.8,161,32,,Third-party,Free Delivery,3,True,True,Great Offer,1,Limited Period Offer,True,False,,7 days return,True,https://www.snapdeal.com/product/mecrolink-wireless-earbuds-bluetooth-53/650723103145
Snapdeal,audio,"Tws bluetooth, Earbuds Pro + 3 in 1 data fast cable ,  Bluetooth Headphone + 3 in 1 charging cable",390.0,2999.0,87.0,5.0,109,21,,Third-party,Free Delivery,3,True,True,Great Offer,1,Limited Period Offer,True,False,,7 days return,True,https://www.snapdeal.com/product/tws-bluetooth-earbuds-pro-3/621719974774
Snapdeal,audio,ANC3 Pro-True Wireless Bluetooth Headphone Earphones with 10 Hours of Playtime & Compatible for all Smartphones (White),385.0,4999.0,92.0,3.7,199,39,,Third-party,Free Delivery,3,True,True,Great Offer,1,Limited Period Offer,True,False,,7 days return,True,https://www.snapdeal.com/product/anc3-protrue-wireless-bluetooth-headphone/654855391287
Snapdeal,audio,"VEHOP Aura TWS Earbuds with Digital Display, BT 5.49+ENC for Clear Calling, Low Latency Gaming Wireless Headphone, 36 Hours Play, Immersive Sound, Touch Control, IPX4 & Voice Assistance",582.0,2999.0,81.0,3.8,125,25,,Third-party,Free Delivery,3,True,True,Great Offer,1,Limited Period Offer,True,False,,7 days return,True,https://www.snapdeal.com/product/vehop-aura-tws-earbuds-with/646446875402
Snapdeal,audio,Neo M10 EARBUDS Bluetooth True Wireless (TWS) In Ear 4 Hours Playback Active Noise cancellation IPX4 NECKBAND HEADPHONE (Splash & Sweat Proof) Black,427.0,599.0,29.0,3.9,45,9,,Third-party,Free Delivery,3,True,True,,0,,False,False,,7 days return,True,https://www.snapdeal.com/product/neo-m10-earbuds-bluetooth-true/624176674622
Snapdeal,audio,"Wireless Earbuds Pro, Bluetooth Earphones, In-Ear Headphones; TWS Earbuds; Long Battery Life (BLACK)",382.0,3999.0,90.0,4.0,194,38,,Third-party,Free Delivery,3,True,True,Great Offer,1,Limited Period Offer,True,False,,7 days return,True,https://www.snapdeal.com/product/wireless-earbuds-pro-bluetooth-earphones/668245947350
Snapdeal,audio,XYBEL Ultrapod In Ear Bluetooth Earbuds | TWS-Bluetooth Headphone |30 Hr PlayTime| - Pink,388.0,1999.0,81.0,4.0,199,39,,Third-party,Free Delivery,3,True,True,Great Offer,1,Limited Period Offer,True,False,,7 days return,True,https://www.snapdeal.com/product/xybel-in-ear-tws-pink/641038777171
Snapdeal,audio,"Tws Ultrapods display bluetooth, Earbuds Pro + 3 in 1 data fast cable ,  Bluetooth Headphone + 3  in 1 charging cable",389.0,2999.0,87.0,4.0,243,48,,Third-party,Free Delivery,3,True,True,Great Offer,1,Limited Period Offer,True,False,,7 days return,True,https://www.snapdeal.com/product/tws-ultrapods-display-bluetooth-earbuds/636394818425
Snapdeal,audio,ANC3 Pro-True Wireless Bluetooth Headphone Earphones with 10 Hours of Playtime & Compatible for all Smartphones (White),385.0,4999.0,92.0,3.7,80,16,,Third-party,Free Delivery,3,True,True,Great Offer,1,Limited Period Offer,True,False,,7 days return,True,https://www.snapdeal.com/product/anc3-protrue-wireless-bluetooth-headphone/654855391287
Snapdeal,audio,"Tws bluetooth, Earbuds Pro + 3 in 1 data fast cable ,  Bluetooth Headphone + 3 in 1 charging cable",390.0,2999.0,87.0,5.0,61,12,,Third-party,Free Delivery,3,True,True,Great Offer,1,Limited Period Offer,True,False,,7 days return,True,https://www.snapdeal.com/product/tws-bluetooth-earbuds-pro-3/621719974774
Snapdeal,audio,XYBEL Ultrapod In Ear Bluetooth Earbuds|TWS-Bluetooth Headphone|30 Hr PlayTime -Green,390.0,1999.0,80.0,4.1,98,19,,Third-party,Free Delivery,3,True,True,Great Offer,1,Limited Period Offer,True,False,,7 days return,True,https://www.snapdeal.com/product/xybel-in-ear-tws-green/682827488918
Snapdeal,audio,"Tws Ultrapods display bluetooth, Earbuds Pro + 4 in 1 data fast cable ,  Bluetooth Headphone + 4 in 1 charging cable",390.0,2999.0,87.0,4.0,94,18,,Third-party,Free Delivery,3,True,True,Great Offer,1,Limited Period Offer,True,False,,7 days return,True,https://www.snapdeal.com/product/tws-ultrapods-display-bluetooth-earbuds/686345872805
Snapdeal,audio,MECROLINK Wireless Earbuds Bluetooth 5.3 TWS Earphones Full Touch Control Headphones Built-in Microphone Immersive Sound Quality Ensure Fast Stable & Connection Smart Headset Sports Bud (WHITE),379.0,3600.0,89.0,3.8,70,14,,Third-party,Free Delivery,3,True,True,Great Offer,1,Limited Period Offer,True,False,,7 days return,True,https://www.snapdeal.com/product/mecrolink-wireless-earbuds-bluetooth-53/650723103145
Snapdeal,audio,"Tws Ultrapods display bluetooth, Earbuds Pro + 3 in 1 data fast cable ,  Bluetooth Headphone + 3  in 1 charging cable",389.0,2999.0,87.0,4.0,146,29,,Third-party,Free Delivery,3,True,True,Great Offer,1,Limited Period Offer,True,False,,7 days return,True,https://www.snapdeal.com/product/tws-ultrapods-display-bluetooth-earbuds/636394818425
Snapdeal,audio,Neo N888 EARBUDS Bluetooth True Wireless (TWS) On Ear 4 Hours Playback Active Noise cancellation IPX4(Splash & Sweat Proof) Pink,299.0,999.0,70.0,3.9,155,31,,Third-party,Free Delivery,3,True,False,Great Offer,1,Limited Period Offer,True,False,,7 days return,True,https://www.snapdeal.com/product/neo-n888-earbuds-bluetooth-true/621379218696
Snapdeal,audio,"VEHOP 161 Elite Cruze True Wireless Earbuds with 40H Playtime, ENC Crystal-Clear Calls, Fast Charging, Elegant Design, Bluetooth 5.3 Low Latency Gaming TWS, Immersive Sound, IPX5 Waterproof.",582.0,2999.0,81.0,4.0,105,21,,Third-party,Free Delivery,3,True,False,Great Offer,1,Limited Period Offer,True,False,,7 days return,True,https://www.snapdeal.com/product/vehop-161-elite-cruze-true/660390406917
Snapdeal,audio,Retail Store Master Buds True Wireless Bluetooth Earbuds–black,538.0,1499.0,64.0,5.0,139,27,,Third-party,Free Delivery,3,True,False,,0,,False,False,,7 days return,True,https://www.snapdeal.com/product/retail-store-master-buds-true/661501093691
Snapdeal,audio,"VEHOP S300 OWS Open Ear Wireless Earbuds with Display, ENC Mic for Crystal-Clear Calls, 60hr Playtime with Type-C Fast Charging, BT5.4 Gaming Bluetooth Earphones, Touch Control Sports Headphone.",624.0,2999.0,79.0,3.8,112,22,,Third-party,Free Delivery,3,True,True,Great Offer,1,Limited Period Offer,True,False,,7 days return,True,https://www.snapdeal.com/product/vehop-s300-ows-open-ear/634939266238
Snapdeal,audio,"U7 Tws Bluetooth Airbuds, True Wireless Earbuds, Fast Charging, Deep Basss & 3D Sound, Ultra Low Latency",390.0,1999.0,80.0,4.2,137,27,,Third-party,Free Delivery,3,True,False,Great Offer,1,Limited Period Offer,True,False,,7 days return,True,https://www.snapdeal.com/product/u7-tws-bluetooth-airbuds-true/685023888735
Snapdeal,audio,"VERONIC NORD Buds 3 Truly Wireless in Ear Earbuds with 50H Playtime, AI-ENC Mic, 45ms Low Latency Gaming, 13mm Bass Drivers, Type-C Fast Charging, Made in India, Touch Controls, IPX5 Ear Buds TWS",622.0,2999.0,79.0,4.1,91,18,,Third-party,Free Delivery,3,True,True,Great Offer,1,Limited Period Offer,True,False,,7 days return,True,https://www.snapdeal.com/product/veronic-nord-buds-3-truly/652030996685
Snapdeal,audio,COREGENIX Newly Launched GQ-03 Truly Wireless Earbuds TWS | Upto 120Hrs Use time | Bluetooth V5.3 | Quad Mics with AI-ENC | 40ms Low Latency Gaming |Time Display | Week Display | Breathing LED Lights,653.0,2999.0,78.0,3.5,84,16,,Third-party,Free Delivery,3,True,True,Great Offer,1,Limited Period Offer,True,False,,7 days return,True,https://www.snapdeal.com/product/coregenix-newly-launched-gq03-truly/670839044253
Snapdeal,audio,"VERONIC 91 PRO Wireless Earbuds with 45Hrs Playtime, AI-ENC Mic, Bluetooth 5.3 with Low Latency Gaming, 13mm Bass Drivers, Type-C Fast Charging, Touch Controls, IPX5 Waterproof TWS",596.0,2999.0,80.0,5.0,186,37,,Third-party,Free Delivery,3,True,False,Great Offer,1,Limited Period Offer,True,False,,7 days return,True,https://www.snapdeal.com/product/veronic-91-pro-wireless-earbuds/639279272338
Snapdeal,audio,"VEHOP 161 Elite Cruze True Wireless Earbuds with 40H Playtime, ENC Crystal-Clear Calls, Fast Charging, Elegant Design, Bluetooth 5.3 Low Latency Gaming TWS, Immersive Sound, IPX5 Waterproof.",599.0,2999.0,80.0,4.1,92,18,,Third-party,Free Delivery,3,True,False,Great Offer,1,Limited Period Offer,True,False,,7 days return,True,https://www.snapdeal.com/product/vehop-161-elite-cruze-true/651223289384
Snapdeal,audio,"VERONIC Q86 Aura TWS Earbuds with Digital Display, BT 5.49+ENC for Clear Calling, Low Latency Gaming Wireless Headphone, 36 Hours Play, Immersive Sound, Touch Control, IPX4 & Voice Assistance.",596.0,2999.0,80.0,4.1,246,49,,Third-party,Free Delivery,3,True,True,Great Offer,1,Limited Period Offer,True,False,,7 days return,True,https://www.snapdeal.com/product/veronic-q86-aura-tws-earbuds/662484217749
Snapdeal,audio,"VEHOP Shine Pro Truly Wireless in Ear Earbuds with 50H Playtime, AI-ENC Mic, 45ms Low Latency Gaming, 13mm Bass Drivers, Type-C Fast Charging, Made in India, Touch Controls, IPX5 Ear Buds TWS",624.0,2999.0,79.0,3.7,188,37,,Third-party,Free Delivery,3,True,True,Great Offer,1,Limited Period Offer,True,False,,7 days return,True,https://www.snapdeal.com/product/vehop-shine-pro-truly-wireless/686933441037
Snapdeal,audio,MECROLINK ANC10 Buds pods Earbuds 12 Hours Playtime Bluetooth Wireless Headphones Earphone Bluetooth Headset,379.0,3600.0,89.0,3.8,236,47,,Third-party,Free Delivery,3,True,True,Great Offer,1,Limited Period Offer,True,False,,7 days return,True,https://www.snapdeal.com/product/mecrolink-anc10-buds-pods-earbuds/661785349048
Snapdeal,audio,"VEHOP S300 OWS Open Ear Wireless Earbuds with Display, ENC Mic for Crystal-Clear Calls, 60hr Playtime with Type-C Fast Charging, BT5.4 Gaming Bluetooth Earphones, Touch Control Sports Headphone.",624.0,2999.0,79.0,3.7,163,32,,Third-party,Free Delivery,3,True,True,Great Offer,1,Limited Period Offer,True,False,,7 days return,True,https://www.snapdeal.com/product/vehop-s300-ows-open-ear/625484229302
Snapdeal,audio,"VERONIC Earbuds Bluetooth True Wireless (TWS) In Ear 30 Hours Playback Fast charging,Dual pairing IPX4(Splash & Sweat Proof) Black",681.0,2999.0,77.0,3.6,64,12,,Third-party,Free Delivery,3,True,False,Great Offer,1,Limited Period Offer,True,False,,7 days return,True,https://www.snapdeal.com/product/veronic-earbuds-bluetooth-true-wireless/622097005693
Snapdeal,audio,NEO Wireless Earbuds Pro Bluetooth Earphone TWS Earbuds With Mini Bluetooth Speaker,476.0,999.0,52.0,4.1,104,20,,Third-party,Free Delivery,3,True,False,,0,,False,False,,7 days return,True,https://www.snapdeal.com/product/neo-wireless-earbuds-pro-bluetooth/673417754613
Snapdeal,audio,XYBEL Wireless Earbuds In Ear TWS White,420.0,1999.0,79.0,4.0,36,7,,Third-party,Free Delivery,3,True,False,Great Offer,1,Limited Period Offer,True,False,,7 days return,True,https://www.snapdeal.com/product/xybel-in-ear-tws-white/633654204895
Snapdeal,audio,"VERONIC T110 Truly Wireless in Ear Earbuds with 38Hrs Playtime, AI-ENC Mic, Bluetooth 5.4 with Low Latency Gaming, 13mm Bass Drivers, Type-C Fast Charging, Touch Controls, IPX5 Waterproof TWS",596.0,2999.0,80.0,3.7,141,28,,Third-party,Free Delivery,3,True,False,Great Offer,1,Limited Period Offer,True,False,,7 days return,True,https://www.snapdeal.com/product/veronic-t110-truly-wireless-in/684533064908
Snapdeal,audio,"VEHOP S300 OWS Open Ear Wireless Earbuds with Display, ENC Mic for Crystal-Clear Calls, 60hr Playtime with Type-C Fast Charging, BT5.4 Gaming Bluetooth Earphones, Touch Control Sports Headphone.",624.0,2999.0,79.0,4.0,207,41,,Third-party,Free Delivery,3,True,True,Great Offer,1,Limited Period Offer,True,False,,7 days return,True,https://www.snapdeal.com/product/vehop-s300-ows-open-ear/633661171390
Snapdeal,audio,M19 Wireless Earbuds TWS 5.1 Dual Touch Mini Compact Playtime with Fast Charging Sweat-Proof  Bluetooth Headphones  (Black),405.0,6999.0,94.0,3.8,200,40,,Third-party,Free Delivery,3,True,True,Great Offer,1,Limited Period Offer,True,False,,7 days return,True,https://www.snapdeal.com/product/m19-wireless-earbuds-tws-51/670486880924
Snapdeal,audio,"VEHOP Aura TWS Earbuds with Digital Display, BT 5.49+ENC for Clear Calling, Low Latency Gaming Wireless Headphone, 36 Hours Play, Immersive Sound, Touch Control, IPX4 & Voice Assistance",582.0,2999.0,81.0,3.8,94,18,,Third-party,Free Delivery,3,True,True,Great Offer,1,Limited Period Offer,True,False,,7 days return,True,https://www.snapdeal.com/product/vehop-aura-tws-earbuds-with/646446875402
Snapdeal,audio,"VERONIC Q86 Aura TWS Earbuds with Digital Display, BT 5.49+ENC for Clear Calling, Low Latency Gaming Wireless Headphone, 36 Hours Play, Immersive Sound, Touch Control, IPX4 & Voice Assistance.",596.0,2999.0,80.0,3.9,100,20,,Third-party,Free Delivery,3,True,True,Great Offer,1,Limited Period Offer,True,False,,7 days return,True,https://www.snapdeal.com/product/veronic-q86-aura-tws-earbuds/667203212727
Snapdeal,audio,"VEHOP NORD Buds 3 Truly Wireless in Ear Earbuds with 50H Playtime, AI-ENC Mic, 45ms Low Latency Gaming, 13mm Bass Drivers, Type-C Fast Charging, Made in India, Touch Controls, IPX5 Ear Buds TWS",607.0,2999.0,80.0,3.8,100,20,,Third-party,Free Delivery,3,True,True,Great Offer,1,Limited Period Offer,True,False,,7 days return,True,https://www.snapdeal.com/product/vehop-nord-buds-3-truly/623569428095
Snapdeal,audio,COREGENIX Pro 60 Truly Wireless Earbuds TWS | ENC & High Bass | Upto 30 Hrs Playtime | Bluetooth V5.3 | Quad Mics with AI-ENC | 40ms Low Latency Gaming | Gaming Beast for Android & iOS,681.0,1999.0,66.0,4.1,137,27,,Third-party,Free Delivery,3,True,True,Great Offer,1,,False,False,,7 days return,True,https://www.snapdeal.com/product/coregenix-pro-60-truly-wireless/639430892817
Snapdeal,audio,"U7 True Wireless Earbuds, Upto 30Hr Playtime Fast Charging Dual Pairing, Gaming + T-900 Ultra Smartwatch Campatible for IOS & Android -Bluetooth Call, Fitness Tracker",733.0,1999.0,63.0,4.0,115,23,,Third-party,Free Delivery,3,True,False,,0,,False,False,,7 days return,True,https://www.snapdeal.com/product/u7-true-wireless-earbuds-upto/638136213335
Snapdeal,audio,"VERONIC T110 Truly Wireless in Ear Earbuds with 38Hrs Playtime, AI-ENC Mic, Bluetooth 5.4 with Low Latency Gaming, 13mm Bass Drivers, Type-C Fast Charging, Touch Controls, IPX5 Waterproof TWS",596.0,2999.0,80.0,3.7,85,17,,Third-party,Free Delivery,3,True,False,Great Offer,1,Limited Period Offer,True,False,,7 days return,True,https://www.snapdeal.com/product/veronic-t110-truly-wireless-in/684533064908
Snapdeal,audio,M19 TWS  Earbuds Bluetooth 5.1 Wireless headset  with 2200mAh Power Bank Case & LED Display (Black),401.0,4999.0,92.0,4.5,204,40,,Third-party,Free Delivery,3,True,True,Great Offer,1,Limited Period Offer,True,False,,7 days return,True,https://www.snapdeal.com/product/m19-tws-earbuds-bluetooth-51/679792935514
Snapdeal,wearables,OLIVEOPS T-800 OR Orange Smart Watch,464.0,2499.0,81.0,4.0,176,35,,Third-party,Free Delivery,3,True,False,Great Offer,1,Limited Period Offer,True,False,,7 days return,True,https://www.snapdeal.com/product/oliveops-oliveops-t800-or-orange/632591314714
Snapdeal,wearables,OLIVEOPS Combo Black Smart Watch,632.0,3999.0,84.0,3.7,229,45,,Third-party,Free Delivery,3,True,False,Great Offer,1,Limited Period Offer,True,False,,7 days return,True,https://www.snapdeal.com/product/oliveops-combo-black-smart-watch/641887020086
Snapdeal,wearables,The Shopoholic Black Silicon Digital Men's Watch,323.0,999.0,68.0,4.0,161,32,,Third-party,Free Delivery,3,True,False,Great Offer,1,,False,False,,7 days return,True,https://www.snapdeal.com/product/the-shopoholic-black-silicon-digital/647992181652
Snapdeal,wearables,OLIVEOPS Combo Orange Smart Watch,632.0,3999.0,84.0,3.6,222,44,,Third-party,Free Delivery,3,True,False,Great Offer,1,Limited Period Offer,True,False,,7 days return,True,https://www.snapdeal.com/product/oliveops-combo-orange-smart-watch/665536195563
Snapdeal,wearables,COREGENIX ULTRA Premium METAL Silver Smart Watch,820.0,4999.0,84.0,3.8,194,38,,Third-party,Free Delivery,3,True,False,Great Offer,1,Limited Period Offer,True,False,,7 days return,True,https://www.snapdeal.com/product/coregenix-ultra-metal-silver-smart/620376679471
Snapdeal,wearables,The Shopoholic Black Silicon Digital Men's Watch,276.0,999.0,72.0,1.0,85,17,,Third-party,Free Delivery,3,True,False,Great Offer,1,Limited Period Offer,True,False,,7 days return,True,https://www.snapdeal.com/product/the-shopoholic-black-silicon-digital/643943676648
Snapdeal,wearables,DECLASSE Green Silicon Digital Men's Watch,213.0,499.0,57.0,5.0,109,21,,Third-party,Free Delivery,3,True,False,,0,,False,False,,7 days return,True,https://www.snapdeal.com/product/declasse-1-resin-digital-mens/626618835616
Snapdeal,wearables,COREGENIX Watch-8 Large Display Black Smart Watch,702.0,2999.0,77.0,4.0,82,16,,Third-party,Free Delivery,3,True,False,Great Offer,1,Limited Period Offer,True,False,,7 days return,True,https://www.snapdeal.com/product/coregenix-watch8-large-display-black/652032692636
Snapdeal,wearables,"VERONIC Ultra Watch with HD Display, Calling Black Smart Watch",660.0,3999.0,83.0,3.7,147,29,,Third-party,Free Delivery,3,True,False,Great Offer,1,Limited Period Offer,True,False,,7 days return,True,https://www.snapdeal.com/product/veronic-ultra-watch-with-hd/649256436843
Snapdeal,wearables,Aglance - Black Silicon Analog Men's Watch,348.0,1499.0,77.0,3.6,190,38,,Third-party,Free Delivery,3,True,False,Great Offer,1,Limited Period Offer,True,False,,7 days return,True,https://www.snapdeal.com/product/aglance-black-silicon-analog-mens/650863251543
Snapdeal,wearables,OLIVEOPS T-800 BL Black Smart Watch,464.0,2499.0,81.0,4.0,106,21,,Third-party,Free Delivery,3,True,False,Great Offer,1,Limited Period Offer,True,False,,7 days return,True,https://www.snapdeal.com/product/oliveops-t800-bl-black-smart/640836102216
Snapdeal,wearables,Cosmic - Multicolor Silicon Digital Men's Watch,429.0,899.0,52.0,5.0,173,34,,Third-party,Free Delivery,3,True,False,,0,,False,False,,7 days return,True,https://www.snapdeal.com/product/cosmic-multicolor-silicon-digital-mens/628952372969
Snapdeal,wearables,"VEhop Ultra Watch with BT Calling, HD Display Black Smart Watch",623.0,4999.0,88.0,4.0,37,7,,Third-party,Free Delivery,3,True,False,Great Offer,1,Limited Period Offer,True,False,,7 days return,True,https://www.snapdeal.com/product/vehop-ultra-watch-with-bt/656634934527
Snapdeal,wearables,Aglance - Red Silicon Analog Men's Watch,311.0,1499.0,79.0,4.0,50,10,,Third-party,Free Delivery,3,True,False,Great Offer,1,Limited Period Offer,True,False,,7 days return,True,https://www.snapdeal.com/product/aglance-red-silicon-analog-mens/680403229467
Snapdeal,wearables,HMXT Silver Stainless Steel Analog Men's Watch,315.0,999.0,68.0,4.2,235,47,,Third-party,Free Delivery,3,True,False,Great Offer,1,,False,False,,7 days return,True,https://www.snapdeal.com/product/hmxt-silver-stainless-steel-analog/657944400288
Snapdeal,wearables,OLIVE OPS - BT Calling Smart Watch with Strap Upto 4 hours Backup ( BLACK ),424.0,1499.0,72.0,3.8,211,42,,Third-party,Free Delivery,3,True,False,Great Offer,1,Limited Period Offer,True,False,,7 days return,True,https://www.snapdeal.com/product/olive-ops-bt-calling-smart/619784771064
Snapdeal,wearables,Aglance - Red Silicon Analog Men's Watch,213.0,999.0,79.0,4.0,169,33,,Third-party,Free Delivery,3,True,False,Great Offer,1,Limited Period Offer,True,False,,7 days return,True,https://www.snapdeal.com/product/aglance-red-silicon-analog-mens/628956264991
Snapdeal,wearables,newmen - Light Grey PU Analog Men's Watch,202.0,899.0,78.0,5.0,112,22,,Third-party,Free Delivery,3,True,False,Great Offer,1,Limited Period Offer,True,False,,7 days return,True,https://www.snapdeal.com/product/newmen-light-grey-pu-analog/663988377173
Snapdeal,wearables,GMPex Ultra Smartwatch with 7 Straps Calling Bluetooth Fitness,636.0,1399.0,55.0,4.0,228,45,,Third-party,Free Delivery,3,True,False,,0,,False,False,,7 days return,True,https://www.snapdeal.com/product/gmpex-ultra-smartwatch-with-7/651731919427
Snapdeal,wearables,Viser Black Silicon Digital Men's Watch,221.0,999.0,78.0,4.3,238,47,,Third-party,Free Delivery,3,True,False,Great Offer,1,Limited Period Offer,True,False,,7 days return,True,https://www.snapdeal.com/product/viser-black-silicon-digital-mens/680971952030
Snapdeal,wearables,GMPex Ultra Smartwatch with 7 Straps Calling Bluetooth Fitness,636.0,1399.0,55.0,4.0,201,40,,Third-party,Free Delivery,3,True,False,,0,,False,False,,7 days return,True,https://www.snapdeal.com/product/gmpex-ultra-smartwatch-with-7/651731919427
Snapdeal,wearables,Premium Gold Bluetooth Calling Touchscreen Wireless Charging with Fitness Health Sports Music,539.0,1999.0,73.0,3.7,137,27,,Third-party,Free Delivery,3,True,False,Great Offer,1,Limited Period Offer,True,False,,7 days return,True,https://www.snapdeal.com/product/premium-gold-bluetooth-calling-touchscreen/671905092115
Snapdeal,wearables,newmen - Silver Stainless Steel Analog Men's Watch,220.0,799.0,72.0,4.3,110,22,,Third-party,Free Delivery,3,True,False,Great Offer,1,Limited Period Offer,True,False,,7 days return,True,https://www.snapdeal.com/product/newmen-2033-stainless-steel-analog/634365910066
Snapdeal,wearables,"SKYRISE Ultra Max Golden Edition Smartwatch | Heart Rate | Steps | Wireless Charging Smartwatch (Golden Strap, 2.09 Inch Big Sunlight Proof Display)",570.0,4999.0,89.0,3.8,165,33,,Third-party,Free Delivery,3,True,False,Great Offer,1,Limited Period Offer,True,False,,7 days return,True,https://www.snapdeal.com/product/skyrise-ultra-max-golden-edition/682725321426
Snapdeal,wearables,Aglance - Red Silicon Analog Men's Watch,213.0,999.0,79.0,4.0,183,36,,Third-party,Free Delivery,3,True,False,Great Offer,1,Limited Period Offer,True,False,,7 days return,True,https://www.snapdeal.com/product/aglance-red-silicon-analog-mens/628956264991
Snapdeal,wearables,"T 800 Ultra Smart Watch 1.99 Inches HD Display,Metal Body,Water Resistance,Bluetooth Calling,Wireless Charging with Activity Tracker,WiFi,GPS,Email,Compatible with All Android (Black Colour)",409.0,1299.0,69.0,3.5,66,13,,Third-party,Free Delivery,3,True,False,Great Offer,1,,False,False,,7 days return,True,https://www.snapdeal.com/product/t-800-ultra-smart-watch/675881390985
Snapdeal,wearables,"4-Tube Yoga Pedal Pull Reducer Puller Resistance Band, Crossfit Exercise Fitness",205.0,999.0,79.0,3.9,179,35,,Third-party,Free Delivery,3,True,False,Great Offer,1,Limited Period Offer,True,False,,7 days return,True,https://www.snapdeal.com/product/4tube-yoga-pedal-pull-reducer/675097234524
Snapdeal,wearables,"Resistance Bands Resistance Tube for Stretching, Exercise and Workout Toning Tube Resistance Rope Set 11 Stackable Kit, Pack of 1",314.0,1099.0,71.0,3.6,83,16,,Third-party,Free Delivery,3,True,False,Great Offer,1,Limited Period Offer,True,False,,7 days return,True,https://www.snapdeal.com/product/resistance-bands-resistance-tube-for/622239572056
Snapdeal,wearables,Gym Power Resistance Band Set for Workout 112x02x02 CM  11 Pieces (RB-11),252.0,999.0,75.0,4.0,240,48,,Third-party,Free Delivery,3,True,False,Great Offer,1,Limited Period Offer,True,False,,7 days return,True,https://www.snapdeal.com/product/gym-power-resistance-band-set/672217336250
Snapdeal,wearables,"VARKAUS 11 Pcs Portable Fitness Exercise Bands with Handles, Training Tubes with Anchor and Ankle Straps for Resistance Training, Home",244.0,999.0,76.0,3.9,203,40,,Third-party,Free Delivery,3,True,False,Great Offer,1,Limited Period Offer,True,False,,7 days return,True,https://www.snapdeal.com/product/varkaus-11-pcs-portable-fitness/648853066288
Snapdeal,wearables,"Resistance Hip Loop Bands for Legs, Butt, Thighs & Glutes Exercises, Anti-Slip Fabric Workout Bands for Men/Women, Pack of 1",200.0,599.0,67.0,5.0,160,32,,Third-party,Free Delivery,3,True,False,Great Offer,1,,False,False,,7 days return,True,https://www.snapdeal.com/product/resistance-hip-loop-bands-for/662574961079
Snapdeal,wearables,"Premium Double Toning Resistance Tube Pull Rope Elastic Rubber Exercise Band for Stretching, Workout, Home Gym and Toning with Heavy Quality D Shaped Handles (Black), Pack of 1",175.0,599.0,71.0,4.4,102,20,,Third-party,Free Delivery,3,True,False,Great Offer,1,Limited Period Offer,True,False,,7 days return,True,https://www.snapdeal.com/product/premium-double-toning-resistance-tube/629362513499
Snapdeal,wearables,Wrist Support with Thumb Loop Strap Wrist Support Gym Men Training Wrist Band/Wrist Band for Men Gym/Wrist Supporter for Gym,167.0,799.0,79.0,5.0,235,47,,Third-party,Free Delivery,3,True,False,Great Offer,1,Limited Period Offer,True,False,,7 days return,True,https://www.snapdeal.com/product/wrist-support-with-thumb-loop/675214868198
Snapdeal,wearables,"Thera band Yellow Thin/Light Resistance Latex Free Exercise Band 6 Feet(Length) x 4 Inches(Width), Pack of 1 Green",189.0,699.0,73.0,3.8,141,28,,Third-party,Free Delivery,3,True,False,Great Offer,1,Limited Period Offer,True,False,,7 days return,True,https://www.snapdeal.com/product/thera-band-yellow-thinlight-resistance/660218883971
Snapdeal,wearables,Thera Band,230.0,999.0,77.0,3.8,160,32,,Third-party,Free Delivery,3,True,False,Great Offer,1,Limited Period Offer,True,False,,7 days return,True,https://www.snapdeal.com/product/thera-band/678738933739
Snapdeal,wearables,"Double Toning Resistance Tube Heavy Quality Exercise Band for Stretching, Full Body Workout, Home Gym and Toning with Bag for Men and Women, Pack of 1",175.0,599.0,71.0,4.4,239,47,,Third-party,Free Delivery,3,True,False,Great Offer,1,Limited Period Offer,True,False,,7 days return,True,https://www.snapdeal.com/product/double-toning-resistance-tube-heavy/631538508512
Snapdeal,wearables,"Wrist Band for Men & Women, Wrist Supporter for Gym Wrist Wrap, Straps Gym Accessories for Men for Hand Grip & Wrist Support While Workout & muscle relaxation, Pack of 1",167.0,799.0,79.0,4.1,222,44,,Third-party,Free Delivery,3,True,False,Great Offer,1,Limited Period Offer,True,False,,7 days return,True,https://www.snapdeal.com/product/wrist-band-for-men-women/647113454630
Snapdeal,wearables,"Resistance Bands 11 pcs Set, Stretching and Exercise, Toning Tube kit with Door Anchor, Foam Handles, Leg Ankle Strap",307.0,1499.0,80.0,3.7,205,41,,Third-party,Free Delivery,3,True,False,Great Offer,1,Limited Period Offer,True,False,,7 days return,True,https://www.snapdeal.com/product/resistance-bands-11-pcs-set/685119406823
Snapdeal,wearables,"Double Toning Tube Exercise Resistance Toning Tube Bands with Handle Workout Band Physical Therapy Strength Training Resistance Pilates Tube Band Equipment Workout (Black), Pack of 1",175.0,599.0,71.0,4.6,143,28,,Third-party,Free Delivery,3,True,False,Great Offer,1,Limited Period Offer,True,False,,7 days return,True,https://www.snapdeal.com/product/double-toning-tube-exercise-resistance/627008309096
Snapdeal,wearables,11Pc Resistance BandElastic Rubber Rope Sport Expander Bodybuilding Exercise Set,252.0,999.0,75.0,5.0,126,25,,Third-party,Free Delivery,3,True,False,Great Offer,1,Limited Period Offer,True,False,,7 days return,True,https://www.snapdeal.com/product/11pc-resistance-bandelastic-rubber-rope/677684810870
Snapdeal,wearables,"Double Toning Resistance Tube Pull Rope Elastic Rubber Exercise Band for Stretching, Workout, Home Gym and Toning with D Shaped Handles (Grey), Pack of 1",175.0,499.0,65.0,4.3,197,39,,Third-party,Free Delivery,3,True,False,Great Offer,1,,False,False,,7 days return,True,https://www.snapdeal.com/product/double-toning-resistance-tube-pull/668454142190
Snapdeal,wearables,"Resistance Band 4-Rubber Tube Yoga Pedal Puller Elastic Pull Rope, Tension Rope",244.0,999.0,76.0,4.9,123,24,,Third-party,Free Delivery,3,True,False,Great Offer,1,Limited Period Offer,True,False,,7 days return,True,https://www.snapdeal.com/product/resistance-band-4rubber-tube-yoga/682524842247
Snapdeal,wearables,"Double Toning Resistance Tube | Heavy Quality Exercise Band for Stretching, Full Body Workout Band, Home & Gym Toning Tube for Men and Women, Pack of 1",175.0,499.0,65.0,4.6,70,14,,Third-party,Free Delivery,3,True,False,Great Offer,1,,False,False,,7 days return,True,https://www.snapdeal.com/product/double-toning-resistance-tube-heavy/637551446134
Snapdeal,wearables,"Thera Band Resistance Bands for Workout for Men and Women Resistance Band Set & Exercise Band for Home Gym Fitness Pull Up Band & Toning Band 100% Natural, (Red) Pack of 1",231.0,799.0,71.0,4.1,35,7,,Third-party,Free Delivery,3,True,False,Great Offer,1,Limited Period Offer,True,False,,7 days return,True,https://www.snapdeal.com/product/thera-band-resistance-bands-for/661306980596
Snapdeal,wearables,"Double Toning Resistance Tube Pull Rope Elastic Rubber Exercise Band for Stretching, Workout, Home Gym and Toning with Heavy Quality D Shaped Handles, Pack of 1",175.0,599.0,71.0,4.4,194,38,,Third-party,Free Delivery,3,True,False,Great Offer,1,Limited Period Offer,True,False,,7 days return,True,https://www.snapdeal.com/product/double-toning-resistance-tube-pull/622524460332
Snapdeal,wearables,Pull Reducer Training Bands-4Tubes Body Pedal Exerciser Yoga,283.0,999.0,72.0,3.8,165,33,,Third-party,Free Delivery,3,True,False,Great Offer,1,Limited Period Offer,True,False,,7 days return,True,https://www.snapdeal.com/product/pull-reducer-training-bands4tubes-body/655665804288
Snapdeal,wearables,"Double Toning Tube Resistance Band for Workout for Men & Women, Exercise Bands with Heavy Quality Grip (Pack of 1)",175.0,599.0,71.0,5.0,74,14,,Third-party,Free Delivery,3,True,False,Great Offer,1,Limited Period Offer,True,False,,7 days return,True,https://www.snapdeal.com/product/double-toning-tube-resistance-band/619957062969
Snapdeal,wearables,"Resistance Bands 11 pcs Set, Stretching and Exercise, Toning Tube kit with Door Anchor, Foam Handles, Leg Ankle Strap and Carry Bag and Box Packaging for Men and Women Workout at Home and Gym",307.0,1299.0,76.0,4.1,196,39,,Third-party,Free Delivery,3,True,False,Great Offer,1,Limited Period Offer,True,False,,7 days return,True,https://www.snapdeal.com/product/resistance-bands-11-pcs-set/670139708917
Snapdeal,wearables,"Resistance Hip Loop Bands for Legs, Butt, Thighs & Glutes Exercises, Anti-Slip Fabric Workout Bands for Men/Women, Pack of 1",200.0,599.0,67.0,5.0,183,36,,Third-party,Free Delivery,3,True,False,Great Offer,1,,False,False,,7 days return,True,https://www.snapdeal.com/product/resistance-hip-loop-bands-for/662574961079
Snapdeal,wearables,ProTone Triple Tube Resistance Band with Ergonomic EVA Foam Handles,361.0,999.0,64.0,4.0,157,31,,Third-party,Free Delivery,3,True,False,,0,,False,False,,7 days return,True,https://www.snapdeal.com/product/protone-triple-tube-resistance-band/618527531271
Snapdeal,wearables,"Home Gym Resistance Bands   11 PCS Set for Workout - Exercise - Stretching - Toning Tube Kit with Foam Handles, Door Anchor & Ankle Strap for Men & Women, Pack of 1",314.0,1099.0,71.0,4.0,106,21,,Third-party,Free Delivery,3,True,False,Great Offer,1,Limited Period Offer,True,False,,7 days return,True,https://www.snapdeal.com/product/home-gym-resistance-bands-11/670839744851
Snapdeal,wearables,"Pull Reducer Training Bands 4 Tubes Body Trimmer Pedal Exerciser Yoga Crossfit Exercise, Arm Exercise, Tummy Body Building Training Women and MensR (Multi)",280.0,599.0,53.0,3.9,146,29,,Third-party,Free Delivery,3,True,False,,0,,False,False,,7 days return,True,https://www.snapdeal.com/product/pull-reducer-training-bands-4/663256361874
